"species","order","family","genus","iucn"
"Abroscopus albogularis","Passeriformes","Scotocercidae","Abroscopus","LC"
"Acanthis flammea","Passeriformes","Fringillidae","Acanthis","LC"
"Accipiter badius","Accipitriformes","Accipitridae","Accipiter","LC"
"Accipiter gularis","Accipitriformes","Accipitridae","Accipiter","LC"
"Accipiter soloensis","Accipitriformes","Accipitridae","Accipiter","LC"
"Accipiter trivirgatus","Accipitriformes","Accipitridae","Accipiter","LC"
"Accipiter virgatus","Accipitriformes","Accipitridae","Accipiter","LC"
"Acridotheres cristatellus","Passeriformes","Sturnidae","Acridotheres","LC"
"Acridotheres tristis","Passeriformes","Sturnidae","Acridotheres","LC"
"Acrocephalus agricola","Passeriformes","Acrocephalidae","Acrocephalus","LC"
"Acrocephalus bistrigiceps","Passeriformes","Acrocephalidae","Acrocephalus","LC"
"Acrocephalus concinens","Passeriformes","Acrocephalidae","Acrocephalus","LC"
"Acrocephalus dumetorum","Passeriformes","Acrocephalidae","Acrocephalus","LC"
"Acrocephalus orientalis","Passeriformes","Acrocephalidae","Acrocephalus","LC"
"Acrocephalus tangorum","Passeriformes","Acrocephalidae","Acrocephalus","VU"
"Aegithalos bonvaloti","Passeriformes","Aegithalidae","Aegithalos","LC"
"Aegithalos caudatus","Passeriformes","Aegithalidae","Aegithalos","LC"
"Aegithalos concinnus","Passeriformes","Aegithalidae","Aegithalos","LC"
"Aegithalos fuliginosus","Passeriformes","Aegithalidae","Aegithalos","LC"
"Aerodramus brevirostris","Caprimulgiformes","Apodidae","Aerodramus","LC"
"Aethopyga christinae","Passeriformes","Nectariniidae","Aethopyga","LC"
"Aethopyga gouldiae","Passeriformes","Nectariniidae","Aethopyga","LC"
"Agropsar philippensis","Passeriformes","Sturnidae","Agropsar","LC"
"Agropsar sturninus","Passeriformes","Sturnidae","Agropsar","LC"
"Aix galericulata","Anseriformes","Anatidae","Aix","LC"
"Alauda gulgula","Passeriformes","Alaudidae","Alauda","LC"
"Alaudala cheleensis","Passeriformes","Alaudidae","Alaudala","LC"
"Alaudala heinei","Passeriformes","Alaudidae","Alaudala","LC"
"Alcedo hercules","Coraciiformes","Alcedinidae","Alcedo","NT"
"Alcippe morrisonia","Passeriformes","Alcippeidae","Alcippe","NA"
"Amaurornis cinerea","Gruiformes","Rallidae","Poliolimnas","LC"
"Amaurornis phoenicurus","Gruiformes","Rallidae","Amaurornis","LC"
"Anas carolinensis","Anseriformes","Anatidae","Anas","LC"
"Anastomus oscitans","Ciconiiformes","Ciconiidae","Anastomus","LC"
"Anhinga melanogaster","Suliformes","Anhingidae","Anhinga","LC"
"Anous stolidus","Charadriiformes","Laridae","Anous","LC"
"Anser albifrons","Anseriformes","Anatidae","Anser","LC"
"Anser anser","Anseriformes","Anatidae","Anser","LC"
"Anser caerulescens","Anseriformes","Anatidae","Anser","LC"
"Anser erythropus","Anseriformes","Anatidae","Anser","VU"
"Anser fabalis","Anseriformes","Anatidae","Anser","LC"
"Anser indicus","Anseriformes","Anatidae","Anser","LC"
"Anthreptes malacensis","Passeriformes","Nectariniidae","Aethopyga","LC"
"Anthus godlewskii","Passeriformes","Motacillidae","Anthus","LC"
"Anthus gustavi","Passeriformes","Motacillidae","Anthus","LC"
"Anthus pratensis","Passeriformes","Motacillidae","Anthus","LC"
"Anthus richardi","Passeriformes","Motacillidae","Anthus","LC"
"Anthus roseatus","Passeriformes","Motacillidae","Anthus","LC"
"Anthus trivialis","Passeriformes","Motacillidae","Anthus","LC"
"Aquila fasciata","Accipitriformes","Accipitridae","Aquila","LC"
"Aquila heliaca","Accipitriformes","Accipitridae","Aquila","VU"
"Ardea intermedia","Pelecaniformes","Ardeidae","Ardea","LC"
"Ardea purpurea","Pelecaniformes","Ardeidae","Ardea","LC"
"Ardenna pacifica","Procellariiformes","Procellariidae","Ardenna","LC"
"Ardenna tenuirostris","Procellariiformes","Procellariidae","Ardenna","LC"
"Ardeola bacchus","Pelecaniformes","Ardeidae","Ardeola","LC"
"Ardeola grayii","Pelecaniformes","Ardeidae","Ardeola","LC"
"Ardeola speciosa","Pelecaniformes","Ardeidae","Ardeola","LC"
"Arenaria interpres","Charadriiformes","Scolopacidae","Arenaria","NT"
"Artamus fuscus","Passeriformes","Artamidae","Artamus","LC"
"Asarcornis scutulata","Anseriformes","Anatidae","Asarcornis","CR"
"Asio flammeus","Strigiformes","Strigidae","Asio","LC"
"Athene noctua","Strigiformes","Strigidae","Athene","LC"
"Aviceda jerdoni","Accipitriformes","Accipitridae","Aviceda","LC"
"Aviceda leuphotes","Accipitriformes","Accipitridae","Aviceda","LC"
"Aythya collaris","Anseriformes","Anatidae","Aythya","LC"
"Aythya fuligula","Anseriformes","Anatidae","Aythya","LC"
"Aythya nyroca","Anseriformes","Anatidae","Aythya","NT"
"Bombycilla japonica","Passeriformes","Bombycillidae","Bombycilla","NT"
"Brachyramphus perdix","Charadriiformes","Alcidae","Brachyramphus","NT"
"Branta bernicla","Anseriformes","Anatidae","Branta","LC"
"Branta canadensis","Anseriformes","Anatidae","Branta","LC"
"Branta hutchinsii","Anseriformes","Anatidae","Branta","LC"
"Branta leucopsis","Anseriformes","Anatidae","Branta","LC"
"Branta ruficollis","Anseriformes","Anatidae","Branta","VU"
"Bubo nipalensis","Strigiformes","Strigidae","Bubo","LC"
"Bubulcus ibis","Pelecaniformes","Ardeidae","Bubulcus","NA"
"Bucanetes mongolicus","Passeriformes","Fringillidae","Bucanetes","LC"
"Bulweria bulwerii","Procellariiformes","Procellariidae","Bulweria","LC"
"Butastur indicus","Accipitriformes","Accipitridae","Butastur","LC"
"Cacomantis merulinus","Cuculiformes","Cuculidae","Cacomantis","LC"
"Calandrella brachydactyla","Passeriformes","Alaudidae","Calandrella","LC"
"Calidris acuminata","Charadriiformes","Scolopacidae","Calidris","VU"
"Calidris alba","Charadriiformes","Scolopacidae","Calidris","LC"
"Calidris alpina","Charadriiformes","Scolopacidae","Calidris","NT"
"Calidris bairdii","Charadriiformes","Scolopacidae","Calidris","LC"
"Calidris canutus","Charadriiformes","Scolopacidae","Calidris","NT"
"Calidris falcinellus","Charadriiformes","Scolopacidae","Calidris","VU"
"Calidris melanotos","Charadriiformes","Scolopacidae","Calidris","LC"
"Calidris minuta","Charadriiformes","Scolopacidae","Calidris","LC"
"Calidris pugnax","Charadriiformes","Scolopacidae","Calidris","LC"
"Calidris pygmaea","Charadriiformes","Scolopacidae","Calidris","CR"
"Calidris subminuta","Charadriiformes","Scolopacidae","Calidris","LC"
"Calidris tenuirostris","Charadriiformes","Scolopacidae","Calidris","EN"
"Callacanthis burtoni","Passeriformes","Fringillidae","Callacanthis","LC"
"Calliope obscura","Passeriformes","Muscicapidae","Calliope","VU"
"Calonectris leucomelas","Procellariiformes","Procellariidae","Calonectris","NT"
"Caprimulgus macrurus","Caprimulgiformes","Caprimulgidae","Caprimulgus","LC"
"Carduelis carduelis","Passeriformes","Fringillidae","Carduelis","LC"
"Carpodacus roborowskii","Passeriformes","Fringillidae","Carpodacus","LC"
"Carpodacus vinaceus","Passeriformes","Fringillidae","Carpodacus","LC"
"Cecropis daurica","Passeriformes","Hirundinidae","Cecropis","LC"
"Cecropis striolata","Passeriformes","Hirundinidae","Cecropis","LC"
"Centropus bengalensis","Cuculiformes","Cuculidae","Centropus","LC"
"Cephalopyrus flammiceps","Passeriformes","Paridae","Cephalopyrus","LC"
"Certhia familiaris","Passeriformes","Certhiidae","Certhia","LC"
"Certhia himalayana","Passeriformes","Certhiidae","Certhia","LC"
"Certhia tianquanensis","Passeriformes","Certhiidae","Certhia","LC"
"Ceryle rudis","Coraciiformes","Alcedinidae","Ceryle","LC"
"Cettia brunnifrons","Passeriformes","Scotocercidae","Cettia","LC"
"Cettia castaneocoronata","Passeriformes","Scotocercidae","Cettia","LC"
"Chalcophaps indica","Columbiformes","Columbidae","Chalcophaps","LC"
"Charadrius asiaticus","Charadriiformes","Charadriidae","Charadrius","LC"
"Charadrius atrifrons","Charadriiformes","Charadriidae","Charadrius","LC"
"Charadrius dealbatus","Charadriiformes","Charadriidae","Charadrius","LC"
"Charadrius hiaticula","Charadriiformes","Charadriidae","Charadrius","LC"
"Charadrius mongolus","Charadriiformes","Charadriidae","Charadrius","EN"
"Charadrius placidus","Charadriiformes","Charadriidae","Charadrius","LC"
"Charadrius veredus","Charadriiformes","Charadriidae","Charadrius","LC"
"Chlidonias leucopterus","Charadriiformes","Laridae","Chlidonias","LC"
"Chlidonias niger","Charadriiformes","Laridae","Chlidonias","LC"
"Chloris ambigua","Passeriformes","Fringillidae","Chloris","LC"
"Chloris chloris","Passeriformes","Fringillidae","Chloris","LC"
"Chloris sinica","Passeriformes","Fringillidae","Chloris","LC"
"Chrysolophus pictus","Galliformes","Phasianidae","Chrysolophus","LC"
"Ciconia boyciana","Ciconiiformes","Ciconiidae","Ciconia","EN"
"Ciconia episcopus","Ciconiiformes","Ciconiidae","Ciconia","NT"
"Ciconia nigra","Ciconiiformes","Ciconiidae","Ciconia","LC"
"Circaetus gallicus","Accipitriformes","Accipitridae","Circaetus","LC"
"Circus aeruginosus","Accipitriformes","Accipitridae","Circus","LC"
"Circus macrourus","Accipitriformes","Accipitridae","Circus","NT"
"Circus spilonotus","Accipitriformes","Accipitridae","Circus","LC"
"Cisticola exilis","Passeriformes","Cisticolidae","Cisticola","LC"
"Cisticola juncidis","Passeriformes","Cisticolidae","Cisticola","LC"
"Clamator coromandus","Cuculiformes","Cuculidae","Clamator","LC"
"Clamator jacobinus","Cuculiformes","Cuculidae","Clamator","LC"
"Clanga clanga","Accipitriformes","Accipitridae","Clanga","VU"
"Clangula hyemalis","Anseriformes","Anatidae","Clangula","VU"
"Columba oenas","Columbiformes","Columbidae","Columba","LC"
"Copsychus saularis","Passeriformes","Muscicapidae","Copsychus","LC"
"Coracias garrulus","Coraciiformes","Coraciidae","Coracias","LC"
"Coracina macei","Passeriformes","Campephagidae","Coracina","LC"
"Coturnicops exquisitus","Gruiformes","Rallidae","Coturnicops","LC"
"Crex crex","Gruiformes","Rallidae","Crex","LC"
"Crossoptilon mantchuricum","Galliformes","Phasianidae","Crossoptilon","LC"
"Curruca communis","Passeriformes","Sylviidae","Curruca","LC"
"Curruca crassirostris","Passeriformes","Sylviidae","Curruca","LC"
"Curruca curruca","Passeriformes","Sylviidae","Curruca","LC"
"Cutia nipalensis","Passeriformes","Leiothrichidae","Cutia","LC"
"Cyanistes cyanus","Passeriformes","Paridae","Cyanistes","LC"
"Cyanoderma pyrrhops","Passeriformes","Timaliidae","Cyanoderma","LC"
"Cyanoderma rufifrons","Passeriformes","Timaliidae","Cyanoderma","LC"
"Cygnus columbianus","Anseriformes","Anatidae","Cygnus","LC"
"Cygnus cygnus","Anseriformes","Anatidae","Cygnus","LC"
"Cygnus olor","Anseriformes","Anatidae","Cygnus","LC"
"Cyornis glaucicomans","Passeriformes","Muscicapidae","Cyornis","LC"
"Cyornis hainanus","Passeriformes","Muscicapidae","Cyornis","LC"
"Cyornis poliogenys","Passeriformes","Muscicapidae","Cyornis","LC"
"Cyornis rubeculoides","Passeriformes","Muscicapidae","Cyornis","LC"
"Delichon dasypus","Passeriformes","Hirundinidae","Delichon","LC"
"Dendrocitta formosae","Passeriformes","Corvidae","Dendrocitta","LC"
"Dendrocopos hyperythrus","Piciformes","Picidae","Dendrocopos","LC"
"Dendrocygna javanica","Anseriformes","Anatidae","Dendrocygna","LC"
"Dicaeum cruentatum","Passeriformes","Dicaeidae","Dicaeum","LC"
"Dicaeum ignipectus","Passeriformes","Dicaeidae","Dicaeum","LC"
"Dicaeum minullum","Passeriformes","Dicaeidae","Dicaeum","LC"
"Dicrurus annectens","Passeriformes","Dicruridae","Dicrurus","LC"
"Dicrurus hottentottus","Passeriformes","Dicruridae","Dicrurus","LC"
"Dicrurus remifer","Passeriformes","Dicruridae","Dicrurus","LC"
"Egretta eulophotes","Pelecaniformes","Ardeidae","Egretta","VU"
"Egretta garzetta","Pelecaniformes","Ardeidae","Egretta","LC"
"Egretta picata","Pelecaniformes","Ardeidae","Egretta","LC"
"Elachura formosa","Passeriformes","Elachuridae","Elachura","LC"
"Elanus caeruleus","Accipitriformes","Accipitridae","Elanus","LC"
"Emberiza buchanani","Passeriformes","Emberizidae","Emberiza","LC"
"Emberiza chrysophrys","Passeriformes","Emberizidae","Emberiza","LC"
"Emberiza citrinella","Passeriformes","Emberizidae","Emberiza","LC"
"Emberiza elegans","Passeriformes","Emberizidae","Emberiza","LC"
"Emberiza godlewskii","Passeriformes","Emberizidae","Emberiza","LC"
"Emberiza hortulana","Passeriformes","Emberizidae","Emberiza","LC"
"Emberiza leucocephalos","Passeriformes","Emberizidae","Emberiza","LC"
"Emberiza melanocephala","Passeriformes","Emberizidae","Emberiza","LC"
"Emberiza pallasi","Passeriformes","Emberizidae","Emberiza","LC"
"Emberiza pusilla","Passeriformes","Emberizidae","Emberiza","LC"
"Emberiza rustica","Passeriformes","Emberizidae","Emberiza","VU"
"Emberiza siemsseni","Passeriformes","Emberizidae","Emberiza","LC"
"Emberiza stewarti","Passeriformes","Emberizidae","Emberiza","LC"
"Emberiza sulphurata","Passeriformes","Emberizidae","Emberiza","LC"
"Emberiza yessoensis","Passeriformes","Emberizidae","Emberiza","NT"
"Enicurus leschenaulti","Passeriformes","Muscicapidae","Enicurus","LC"
"Enicurus maculatus","Passeriformes","Muscicapidae","Enicurus","LC"
"Enicurus schistaceus","Passeriformes","Muscicapidae","Enicurus","LC"
"Eremophila alpestris","Passeriformes","Alaudidae","Eremophila","LC"
"Erithacus rubecula","Passeriformes","Muscicapidae","Erithacus","LC"
"Erpornis zantholeuca","Passeriformes","Vireonidae","Erpornis","LC"
"Erythrogenys hypoleucos","Passeriformes","Timaliidae","Erythrogenys","LC"
"Eudynamys scolopaceus","Cuculiformes","Cuculidae","Eudynamys","LC"
"Eumyias thalassinus","Passeriformes","Muscicapidae","Eumyias","LC"
"Falco cherrug","Falconiformes","Falconidae","Falco","EN"
"Falco severus","Falconiformes","Falconidae","Falco","LC"
"Ficedula albicilla","Passeriformes","Muscicapidae","Ficedula","LC"
"Ficedula elisae","Passeriformes","Muscicapidae","Ficedula","LC"
"Ficedula erithacus","Passeriformes","Muscicapidae","Ficedula","LC"
"Ficedula hyperythra","Passeriformes","Muscicapidae","Ficedula","LC"
"Ficedula hypoleuca","Passeriformes","Muscicapidae","Ficedula","LC"
"Ficedula mugimaki","Passeriformes","Muscicapidae","Ficedula","LC"
"Ficedula narcissina","Passeriformes","Muscicapidae","Ficedula","LC"
"Ficedula owstoni","Passeriformes","Muscicapidae","Ficedula","LC"
"Ficedula parva","Passeriformes","Muscicapidae","Ficedula","LC"
"Ficedula ruficauda","Passeriformes","Muscicapidae","Ficedula","LC"
"Ficedula strophiata","Passeriformes","Muscicapidae","Ficedula","LC"
"Ficedula superciliaris","Passeriformes","Muscicapidae","Ficedula","LC"
"Ficedula tricolor","Passeriformes","Muscicapidae","Ficedula","LC"
"Fregata andrewsi","Suliformes","Fregatidae","Fregata","VU"
"Fregata ariel","Suliformes","Fregatidae","Fregata","LC"
"Fringilla coelebs","Passeriformes","Fringillidae","Fringilla","LC"
"Fringilla montifringilla","Passeriformes","Fringillidae","Fringilla","LC"
"Galerida cristata","Passeriformes","Alaudidae","Galerida","LC"
"Gallicrex cinerea","Gruiformes","Rallidae","Gallicrex","LC"
"Garrulax canorus","Passeriformes","Leiothrichidae","Garrulax","LC"
"Garrulax maesi","Passeriformes","Leiothrichidae","Garrulax","LC"
"Garrulax monileger","Passeriformes","Leiothrichidae","Garrulax","LC"
"Gavia adamsii","Gaviiformes","Gaviidae","Gavia","NT"
"Gavia arctica","Gaviiformes","Gaviidae","Gavia","LC"
"Gavia pacifica","Gaviiformes","Gaviidae","Gavia","LC"
"Gavia stellata","Gaviiformes","Gaviidae","Gavia","LC"
"Gelochelidon nilotica","Charadriiformes","Laridae","Gelochelidon","LC"
"Geokichla citrina","Passeriformes","Turdidae","Geokichla","LC"
"Geokichla wardii","Passeriformes","Turdidae","Geokichla","LC"
"Geopelia striata","Columbiformes","Columbidae","Geopelia","LC"
"Glareola lactea","Charadriiformes","Glareolidae","Glareola","LC"
"Glaucidium cuculoides","Strigiformes","Strigidae","Glaucidium","LC"
"Gorsachius goisagi","Pelecaniformes","Ardeidae","Gorsachius","VU"
"Gorsachius melanolophus","Pelecaniformes","Ardeidae","Gorsachius","LC"
"Gracupica nigricollis","Anseriformes","Sturnidae","Gracupica","LC"
"Gracupica nigricollis","Passeriformes","Sturnidae","Gracupica","LC"
"Grandala coelicolor","Passeriformes","Turdidae","Grandala","LC"
"Grus canadensis","Gruiformes","Gruidae","Antigone","LC"
"Grus japonensis","Gruiformes","Gruidae","Grus","VU"
"Grus monacha","Gruiformes","Gruidae","Grus","VU"
"Grus nigricollis","Gruiformes","Gruidae","Grus","NT"
"Grus vipio","Gruiformes","Gruidae","Antigone","VU"
"Grus virgo","Gruiformes","Gruidae","Grus","LC"
"Gygis alba","Charadriiformes","Laridae","Gygis","LC"
"Gypaetus barbatus","Accipitriformes","Accipitridae","Gypaetus","NT"
"Gyps himalayensis","Accipitriformes","Accipitridae","Gyps","NT"
"Gyps tenuirostris","Accipitriformes","Accipitridae","Gyps","CR"
"Halcyon coromanda","Coraciiformes","Alcedinidae","Halcyon","LC"
"Halcyon pileata","Coraciiformes","Alcedinidae","Halcyon","VU"
"Halcyon smyrnensis","Coraciiformes","Alcedinidae","Halcyon","LC"
"Haliaeetus leucoryphus","Accipitriformes","Accipitridae","Haliaeetus","EN"
"Haliaeetus pelagicus","Accipitriformes","Accipitridae","Haliaeetus","VU"
"Haliastur indus","Accipitriformes","Accipitridae","Haliastur","LC"
"Harpactes wardi","Trogoniformes","Trogonidae","Harpactes","LC"
"Helopsaltes certhiola","Passeriformes","Locustellidae","Helopsaltes","LC"
"Helopsaltes ochotensis","Passeriformes","Locustellidae","Helopsaltes","LC"
"Helopsaltes pleskei","Passeriformes","Locustellidae","Helopsaltes","LC"
"Helopsaltes pryeri","Passeriformes","Locustellidae","Helopsaltes","NT"
"Hemiprocne coronata","Caprimulgiformes","Hemiprocnodae","Hemiprocne","LC"
"Hemitesia pallidipes","Passeriformes","Scotocercidae","Hemitesia","LC"
"Hemixos castanonotus","Passeriformes","Pycnonotidae","Hemixos","LC"
"Heterophasia desgodinsi","Passeriformes","Leiothrichidae","Heterophasia","LC"
"Heteroxenicus stellatus","Passeriformes","Muscicapidae","Heteroxenicus","LC"
"Hieraaetus pennatus","Accipitriformes","Accipitridae","Hieraaetus","LC"
"Hierococcyx nisicolor","Cuculiformes","Cuculidae","Hierococcyx","LC"
"Hirundapus caudacutus","Caprimulgiformes","Apodidae","Hirundapus","LC"
"Hirundo rustica","Passeriformes","Hirundinidae","Hirundo","LC"
"Hirundo smithii","Passeriformes","Hirundinidae","Hirundo","LC"
"Histrionicus histrionicus","Anseriformes","Anatidae","Histrionicus","LC"
"Hydrocoloeus minutus","Charadriiformes","Laridae","Hydrocoloeus","LC"
"Hydrophasianus chirurgus","Charadriiformes","Jacanidae","Hydrophasianus","LC"
"Hydroprogne caspia","Charadriiformes","Laridae","Hydroprogne","LC"
"Hypothymis azurea","Passeriformes","Monarchidae","Hypothymis","LC"
"Hypsipetes leucocephalus","Passeriformes","Pycnonotidae","Hypsipetes","LC"
"Ianthocincla lunulata","Passeriformes","Leiothrichidae","Ianthocincla","LC"
"Ibidorhyncha struthersii","Charadriiformes","Ibidorhynchidae","Ibidorhyncha","LC"
"Ictinaetus malaiensis","Accipitriformes","Accipitridae","Ictinaetus","LC"
"Iduna caligata","Passeriformes","Acrocephalidae","Iduna","LC"
"Indicator xanthonotus","Piciformes","Indicatoridae","Indicator","LC"
"Ixobrychus cinnamomeus","Pelecaniformes","Ardeidae","Ixobrychus","LC"
"Ixobrychus eurhythmus","Pelecaniformes","Ardeidae","Ixobrychus","LC"
"Ixobrychus minutus","Pelecaniformes","Ardeidae","Ixobrychus","LC"
"Ixos mcclellandii","Passeriformes","Pycnonotidae","Ixos","LC"
"Ketupa flavipes","Strigiformes","Strigidae","Ketupa","LC"
"Lalage melaschistos","Passeriformes","Campephagidae","Lalage","LC"
"Lanius borealis","Passeriformes","Laniidae","Lanius","LC"
"Lanius collurioides","Passeriformes","Laniidae","Lanius","LC"
"Lanius isabellinus","Passeriformes","Laniidae","Lanius","LC"
"Lanius schach","Passeriformes","Laniidae","Lanius","LC"
"Lanius sphenocercus","Passeriformes","Laniidae","Lanius","LC"
"Lanius tephronotus","Passeriformes","Laniidae","Lanius","LC"
"Larus argentatus","Charadriiformes","Laridae","Larus","LC"
"Larus brunnicephalus","Charadriiformes","Laridae","Chroicocephalus","LC"
"Larus cachinnans","Charadriiformes","Laridae","Larus","LC"
"Larus canus","Charadriiformes","Laridae","Larus","LC"
"Larus crassirostris","Charadriiformes","Laridae","Larus","LC"
"Larus fuscus","Charadriiformes","Laridae","Larus","LC"
"Larus genei","Charadriiformes","Laridae","Chroicocephalus","LC"
"Larus glaucescens","Charadriiformes","Laridae","Larus","LC"
"Larus hyperboreus","Charadriiformes","Laridae","Larus","LC"
"Larus ichthyaetus","Charadriiformes","Laridae","Ichthyaetus","LC"
"Larus relictus","Charadriiformes","Laridae","Ichthyaetus","VU"
"Larvivora akahige","Passeriformes","Muscicapidae","Larvivora","LC"
"Larvivora brunnea","Passeriformes","Muscicapidae","Larvivora","LC"
"Larvivora cyane","Passeriformes","Muscicapidae","Larvivora","LC"
"Leptopoecile elegans","Passeriformes","Aegithalidae","Leptopoecile","LC"
"Leptoptilos javanicus","Ciconiiformes","Ciconiidae","Leptoptilos","NT"
"Leucogeranus leucogeranus","Gruiformes","Gruidae","Leucogeranus","CR"
"Limnodromus scolopaceus","Charadriiformes","Scolopacidae","Limnodromus","VU"
"Limnodromus semipalmatus","Charadriiformes","Scolopacidae","Limnodromus","NT"
"Limosa lapponica","Charadriiformes","Scolopacidae","Limosa","NT"
"Limosa limosa","Charadriiformes","Scolopacidae","Limosa","NT"
"Linaria cannabina","Passeriformes","Fringillidae","Linaria","LC"
"Locustella davidi","Passeriformes","Locustellidae","Locustella","LC"
"Locustella mandelli","Passeriformes","Locustellidae","Locustella","LC"
"Lonchura striata","Passeriformes","Estrildidae","Lonchura","LC"
"Lophophanes dichrous","Passeriformes","Paridae","Lophophanes","LC"
"Lophotriorchis kienerii","Accipitriformes","Accipitridae","Lophotriorchis","NT"
"Lophura leucomelanos","Galliformes","Phasianidae","Lophura","LC"
"Lophura nycthemera","Galliformes","Phasianidae","Lophura","LC"
"Loxia curvirostra","Passeriformes","Fringillidae","Loxia","LC"
"Machlolophus xanthogenys","Passeriformes","Paridae","Machlolophus","LC"
"Macropygia unchall","Columbiformes","Columbidae","Macropygia","LC"
"Mareca americana","Anseriformes","Anatidae","Mareca","LC"
"Mareca falcata","Anseriformes","Anatidae","Mareca","LC"
"Megaceryle lugubris","Coraciiformes","Alcedinidae","Megaceryle","LC"
"Melanitta fusca","Anseriformes","Anatidae","Melanitta","VU"
"Melanitta stejnegeri","Anseriformes","Anatidae","Melanitta","LC"
"Melanochlora sultanea","Passeriformes","Paridae","Melanochlora","LC"
"Mergus serrator","Anseriformes","Anatidae","Mergus","LC"
"Merops philippinus","Coraciiformes","Meropidae","Merops","LC"
"Mixornis gularis","Passeriformes","Timaliidae","Mixornis","LC"
"Monticola gularis","Passeriformes","Muscicapidae","Monticola","LC"
"Monticola rufiventris","Passeriformes","Muscicapidae","Monticola","LC"
"Monticola solitarius","Passeriformes","Muscicapidae","Monticola","LC"
"Motacilla citreola","Passeriformes","Motacillidae","Motacilla","LC"
"Moupinia poecilotis","Passeriformes","Paradoxornithidae","Moupinia","LC"
"Muscicapa dauurica","Passeriformes","Muscicapidae","Muscicapa","LC"
"Muscicapa ferruginea","Passeriformes","Muscicapidae","Muscicapa","LC"
"Muscicapa muttui","Passeriformes","Muscicapidae","Muscicapa","LC"
"Mycerobas affinis","Passeriformes","Fringillidae","Mycerobas","LC"
"Mycerobas carnipes","Passeriformes","Fringillidae","Mycerobas","LC"
"Mycteria leucocephala","Pelecaniformes","Ciconiidae","Mycteria","LC"
"Myiomela leucura","Passeriformes","Muscicapidae","Myiomela","LC"
"Myophonus caeruleus","Passeriformes","Muscicapidae","Myophonus","LC"
"Napothera malacoptila","Passeriformes","Pellorneidae","Napothera","LC"
"Neophron percnopterus","Accipitriformes","Accipitridae","Neophron","EN"
"Netta rufina","Anseriformes","Anatidae","Netta","LC"
"Niltava davidi","Passeriformes","Muscicapidae","Niltava","LC"
"Niltava grandis","Passeriformes","Muscicapidae","Niltava","LC"
"Niltava macgrigoriae","Passeriformes","Muscicapidae","Niltava","LC"
"Niltava sundara","Passeriformes","Muscicapidae","Niltava","LC"
"Ninox japonica","Strigiformes","Strigidae","Ninox","LC"
"Nipponia nippon","Pelecaniformes","Threskiornithidae","Nipponia","EN"
"Nisaetus nipalensis","Accipitriformes","Accipitridae","Nisaetus","NT"
"Numenius madagascariensis","Charadriiformes","Scolopacidae","Numenius","EN"
"Numenius minutus","Charadriiformes","Scolopacidae","Numenius","LC"
"Numenius phaeopus","Charadriiformes","Scolopacidae","Numenius","LC"
"Nycticorax nycticorax","Pelecaniformes","Ardeidae","Nycticorax","LC"
"Oceanites oceanicus","Procellariiformes","Oceanitidae","Oceanites","LC"
"Oenanthe deserti","Passeriformes","Muscicapidae","Oenanthe","LC"
"Oenanthe oenanthe","Passeriformes","Muscicapidae","Oenanthe","LC"
"Onychoprion aleuticus","Charadriiformes","Laridae","Onychoprion","VU"
"Onychoprion anaethetus","Charadriiformes","Laridae","Onychoprion","LC"
"Onychoprion fuscatus","Charadriiformes","Laridae","Onychoprion","LC"
"Oriolus oriolus","Passeriformes","Oriolidae","Oriolus","LC"
"Oroanassa magnifica","Pelecaniformes","Ardeidae","Gorsachius","EN"
"Otocichla mupinensis","Passeriformes","Turdidae","Turdus","LC"
"Otus lettia","Strigiformes","Strigidae","Otus","LC"
"Otus semitorques","Strigiformes","Strigidae","Otus","LC"
"Otus spilocephalus","Strigiformes","Strigidae","Otus","LC"
"Oxyura leucocephala","Anseriformes","Anatidae","Oxyura","EN"
"Panurus biarmicus","Passeriformes","Panuridae","Panurus","LC"
"Paradoxornis gularis","Passeriformes","Paradoxornithidae","Psittiparus","LC"
"Paradoxornis guttaticollis","Passeriformes","Paradoxornithidae","Paradoxornis","LC"
"Paradoxornis heudei","Passeriformes","Paradoxornithidae","Paradoxornis","NT"
"Parayuhina diademata","Passeriformes","Zosteropidae","Parayuhina","LC"
"Pardaliparus venustulus","Passeriformes","Paridae","Pardaliparus","LC"
"Parus major Linnaeus","Passeriformes","Paridae","Parus","LC"
"Parus monticolus","Passeriformes","Paridae","Parus","LC"
"Passer cinnamomeus","Passeriformes","Passeridae","Passer","LC"
"Passer domesticus","Passeriformes","Passeridae","Passer","LC"
"Passer hispaniolensis","Passeriformes","Passeridae","Passer","LC"
"Passerculus sandwichensis","Passeriformes","Passerellidae","Passerculus","LC"
"Pastor roseus","Passeriformes","Sturnidae","Pastor","LC"
"Pavo cristatus","Galliformes","Phasianidae","Pavo","LC"
"Pelecanus crispus","Pelecaniformes","Pelecanidae","Pelecanus","NT"
"Pelecanus onocrotalus","Pelecaniformes","Pelecanidae","Pelecanus","LC"
"Pellorneum albiventre","Passeriformes","Pellorneidae","Pellorneum","LC"
"Pellorneum tickelli","Passeriformes","Pellorneidae","Pellorneum","LC"
"Perdix hodgsoniae","Galliformes","Phasianidae","Perdix","LC"
"Pericrocotus cantonensis","Passeriformes","Campephagidae","Pericrocotus","LC"
"Pericrocotus divaricatus","Passeriformes","Campephagidae","Pericrocotus","LC"
"Pericrocotus ethologus","Passeriformes","Campephagidae","Pericrocotus","LC"
"Pericrocotus solaris","Passeriformes","Campephagidae","Pericrocotus","LC"
"Periparus rubidiventris","Passeriformes","Paridae","Periparus","LC"
"Pernis ptilorhynchus","Accipitriformes","Accipitridae","Pernis","LC"
"Phalaropus fulicarius","Charadriiformes","Scolopacidae","Phalaropus","LC"
"Phalaropus lobatus","Charadriiformes","Scolopacidae","Phalaropus","LC"
"Phasianus colchicus","Galliformes","Phasianidae","Phasianus","LC"
"Phoebastria immutabilis","Procellariiformes","Diomedeidae","Phoebastria","NT"
"Phoenicopterus roseus","Phoenicopteriformes","Phoenicopteridae","Phoenicopterus","LC"
"Phoenicurus erythronotus","Passeriformes","Muscicapidae","Phoenicurus","LC"
"Phoenicurus frontalis","Passeriformes","Muscicapidae","Phoenicurus","LC"
"Phoenicurus leucocephalus","Passeriformes","Muscicapidae","Phoenicurus","LC"
"Phoenicurus ochruros","Passeriformes","Muscicapidae","Phoenicurus","LC"
"Phoenicurus schisticeps","Passeriformes","Muscicapidae","Phoenicurus","LC"
"Phyllergates cucullatus","Passeriformes","Scotocercidae","Phyllergates","LC"
"Phylloscopus affinis","Passeriformes","Phylloscopidae","Phylloscopus","LC"
"Phylloscopus borealoides","Passeriformes","Phylloscopidae","Phylloscopus","LC"
"Phylloscopus burkii","Passeriformes","Phylloscopidae","Phylloscopus","LC"
"Phylloscopus cantator","Passeriformes","Phylloscopidae","Phylloscopus","LC"
"Phylloscopus castaniceps","Passeriformes","Phylloscopidae","Phylloscopus","LC"
"Phylloscopus claudiae","Passeriformes","Phylloscopidae","Phylloscopus","LC"
"Phylloscopus collybita","Passeriformes","Phylloscopidae","Phylloscopus","LC"
"Phylloscopus coronatus","Passeriformes","Phylloscopidae","Phylloscopus","LC"
"Phylloscopus emeiensis","Passeriformes","Phylloscopidae","Phylloscopus","LC"
"Phylloscopus humei","Passeriformes","Phylloscopidae","Phylloscopus","LC"
"Phylloscopus intermedius","Passeriformes","Phylloscopidae","Phylloscopus","LC"
"Phylloscopus maculipennis","Passeriformes","Phylloscopidae","Phylloscopus","LC"
"Phylloscopus magnirostris","Passeriformes","Phylloscopidae","Phylloscopus","LC"
"Phylloscopus ogilviegranti","Passeriformes","Phylloscopidae","Phylloscopus","LC"
"Phylloscopus omeiensis","Passeriformes","Phylloscopidae","Phylloscopus","LC"
"Phylloscopus proregulus","Passeriformes","Phylloscopidae","Phylloscopus","LC"
"Phylloscopus pulcher","Passeriformes","Phylloscopidae","Phylloscopus","LC"
"Phylloscopus ricketti","Passeriformes","Phylloscopidae","Phylloscopus","LC"
"Phylloscopus sibilatrix","Passeriformes","Phylloscopidae","Phylloscopus","LC"
"Phylloscopus soror","Passeriformes","Phylloscopidae","Phylloscopus","LC"
"Phylloscopus subaffinis","Passeriformes","Phylloscopidae","Phylloscopus","LC"
"Phylloscopus tenellipes","Passeriformes","Phylloscopidae","Phylloscopus","LC"
"Phylloscopus tephrocephalus","Passeriformes","Phylloscopidae","Phylloscopus","LC"
"Phylloscopus valentini","Passeriformes","Phylloscopidae","Phylloscopus","LC"
"Phylloscopus yunnanensis","Passeriformes","Phylloscopidae","Phylloscopus","LC"
"Picumnus innominatus","Piciformes","Picidae","Picumnus","LC"
"Picus chlorolophus","Piciformes","Picidae","Picus","LC"
"Pitta brachyura","Passeriformes","Pittidae","Pitta","LC"
"Pitta moluccensis","Passeriformes","Pittidae","Pitta","LC"
"Pitta nympha","Passeriformes","Pittidae","Pitta","VU"
"Pitta sordida","Passeriformes","Pittidae","Pitta","LC"
"Platalea minor","Pelecaniformes","Threskiornithidae","Platalea","EN"
"Plectrophenax nivalis","Passeriformes","Calcariidae","Plectrophenax","LC"
"Plegadis falcinellus","Pelecaniformes","Threskiornithidae","Plegadis","LC"
"Pluvialis apricaria","Charadriiformes","Charadriidae","Pluvialis","LC"
"Pnoepyga immaculata","Passeriformes","Pnoepygidae","Pnoepyga","LC"
"Podiceps auritus","Podicipediformes","Podicipedidae","Podiceps","VU"
"Podiceps grisegena","Podicipediformes","Podicipedidae","Podiceps","LC"
"Podiceps nigricollis","Podicipediformes","Podicipedidae","Podiceps","LC"
"Podoces biddulphi","Passeriformes","Corvidae","Podoces","NT"
"Pomatorhinus schisticeps","Passeriformes","Timaliidae","Pomatorhinus","LC"
"Pomatorhinus superciliaris","Passeriformes","Timaliidae","Pomatorhinus","LC"
"Porphyrio porphyrio","Gruiformes","Rallidae","Porphyrio","NA"
"Prinia atrogularis","Passeriformes","Cisticolidae","Prinia","LC"
"Prinia flaviventris","Passeriformes","Cisticolidae","Prinia","LC"
"Prinia inornata","Passeriformes","Cisticolidae","Prinia","LC"
"Prinia rufescens","Passeriformes","Cisticolidae","Prinia","LC"
"Prinia striata","Passeriformes","Cisticolidae","Prinia","LC"
"Prunella collaris","Passeriformes","Prunellidae","Prunella","LC"
"Prunella himalayana","Passeriformes","Prunellidae","Prunella","LC"
"Prunella immaculata","Passeriformes","Prunellidae","Prunella","LC"
"Prunella montanella","Passeriformes","Prunellidae","Prunella","LC"
"Prunella strophiata","Passeriformes","Prunellidae","Prunella","LC"
"Psarisomus dalhousiae","Passeriformes","Eurylaimidae","Psarisomus","LC"
"Pseudopodoces humilis","Passeriformes","Paridae","Pseudopodoces","LC"
"Psilopogon faber","Piciformes","Megalaimidae","Psilopogon","LC"
"Psilopogon faiostrictus","Piciformes","Megalaimidae","Psilopogon","LC"
"Psilopogon virens","Piciformes","Megalaimidae","Psilopogon","LC"
"Pterorhinus berthemyi","Passeriformes","Leiothrichidae","Pterorhinus","LC"
"Pterorhinus gularis","Passeriformes","Leiothrichidae","Pterorhinus","LC"
"Pterorhinus lanceolatus","Passeriformes","Leiothrichidae","Pterorhinus","LC"
"Pterorhinus pectoralis","Passeriformes","Leiothrichidae","Pterorhinus","LC"
"Pterorhinus sannio","Passeriformes","Leiothrichidae","Pterorhinus","LC"
"Pteruthius rufiventer","Passeriformes","Vireonidae","Pteruthius","LC"
"Pteruthius xanthochlorus","Passeriformes","Vireonidae","Pteruthius","LC"
"Ptyonoprogne rupestris","Passeriformes","Hirundinidae","Ptyonoprogne","LC"
"Pycnonotus aurigaster","Passeriformes","Pycnonotidae","Pycnonotus","LC"
"Pycnonotus blanfordi","Passeriformes","Pycnonotidae","Pycnonotus","LC"
"Pycnonotus goiavier","Passeriformes","Pycnonotidae","Pycnonotus","LC"
"Pycnonotus jocosus","Passeriformes","Pycnonotidae","Pycnonotus","LC"
"Pycnonotus sinensis","Passeriformes","Pycnonotidae","Pycnonotus","LC"
"Pycnonotus xanthorrhous","Passeriformes","Pycnonotidae","Pycnonotus","LC"
"Pyrrhula erythaca","Passeriformes","Fringillidae","Pyrrhula","LC"
"Pyrrhula nipalensis","Passeriformes","Fringillidae","Pyrrhula","LC"
"Pyrrhula pyrrhula","Passeriformes","Fringillidae","Pyrrhula","LC"
"Rallina eurizonoides","Gruiformes","Rallidae","Rallina","LC"
"Rallina fasciata","Gruiformes","Rallidae","Rallina","LC"
"Rallus aquaticus","Gruiformes","Rallidae","Rallus","LC"
"Recurvirostra avosetta","Charadriiformes","Recurvirostridae","Recurvirostra","LC"
"Regulus regulus","Passeriformes","Regulidae","Regulus","LC"
"Remiz consobrinus","Passeriformes","Remizidae","Remiz","LC"
"Remiz coronatus","Passeriformes","Remizidae","Remiz","LC"
"Remiz pendulinus","Passeriformes","Remizidae","Remiz","LC"
"Rhodospiza obsoleta","Passeriformes","Fringillidae","Rhodospiza","LC"
"Riparia riparia","Passeriformes","Hirundinidae","Riparia","LC"
"Rissa tridactyla","Charadriiformes","Laridae","Rissa","VU"
"Rubigula flaviventris","Passeriformes","Pycnonotidae","Rubigula","LC"
"Sasia ochracea","Piciformes","Picidae","Sasia","LC"
"Saxicola ferreus","Passeriformes","Muscicapidae","Saxicola","LC"
"Saxicola rubetra","Passeriformes","Muscicapidae","Saxicola","LC"
"Sibirionetta formosa","Anseriformes","Anatidae","Sibirionetta","LC"
"Sitta cinnamoventris","Passeriformes","Sittidae","Sitta","LC"
"Sitta formosa","Passeriformes","Sittidae","Sitta","VU"
"Sitta villosa","Passeriformes","Sittidae","Sitta","LC"
"Sittiparus varius","Passeriformes","Paridae","Sittiparus","LC"
"Spilopelia chinensis","Columbiformes","Columbidae","Spilopelia","LC"
"Spilopelia senegalensis","Columbiformes","Columbidae","Spilopelia","LC"
"Spilornis cheela","Accipitriformes","Accipitridae","Spilornis","LC"
"Spinus spinus","Passeriformes","Fringillidae","Spinus","LC"
"Spizixos semitorques","Passeriformes","Pycnonotidae","Spizixos","LC"
"Spodiopsar cineraceus","Passeriformes","Sturnidae","Spodiopsar","LC"
"Spodiopsar sericeus","Passeriformes","Sturnidae","Spodiopsar","LC"
"Stachyris humei","Passeriformes","Timaliidae","Stachyris","NT"
"Stachyris nonggangensis","Passeriformes","Timaliidae","Stachyris","VU"
"Staphida castaniceps","Passeriformes","Zosteropidae","Staphida","LC"
"Staphida torqueola","Passeriformes","Zosteropidae","Staphida","LC"
"Stercorarius longicaudus","Charadriiformes","Stercorariidae","Stercorarius","LC"
"Stercorarius parasiticus","Charadriiformes","Stercorariidae","Stercorarius","LC"
"Stercorarius pomarinus","Charadriiformes","Stercorariidae","Stercorarius","LC"
"Streptopelia decaocto","Columbiformes","Columbidae","Streptopelia","LC"
"Sturnia pagodarum","Passeriformes","Sturnidae","Sturnia","LC"
"Sturnia sinensis","Passeriformes","Sturnidae","Sturnia","LC"
"Sturnus vulgaris","Passeriformes","Sturnidae","Sturnus","LC"
"Sula dactylatra","Suliformes","Sulidae","Sula","LC"
"Sula granti","Suliformes","Sulidae","Sula","LC"
"Sula sula","Suliformes","Sulidae","Sula","LC"
"Suthora alphonsiana","Passeriformes","Paradoxornithidae","Sinosuthora","LC"
"Suthora conspicillata","Passeriformes","Paradoxornithidae","Sinosuthora","LC"
"Suthora fulvifrons","Passeriformes","Paradoxornithidae","Suthora","LC"
"Suthora przewalskii","Passeriformes","Paradoxornithidae","Sinosuthora","LC"
"Suthora webbiana","Passeriformes","Paradoxornithidae","Sinosuthora","LC"
"Sylvia atricapilla","Passeriformes","Sylviidae","Sylvia","LC"
"Sylviparus modestus","Passeriformes","Paridae","Sylviparus","LC"
"Synthliboramphus antiquus","Charadriiformes","Alcidae","Synthliboramphus","LC"
"Syrmaticus humiae","Galliformes","Phasianidae","Syrmaticus","VU"
"Syrmaticus reevesii","Galliformes","Phasianidae","Syrmaticus","VU"
"Syrrhaptes paradoxus","Pterocliformes","Pteroclidae","Syrrhaptes","LC"
"Tarsiger chrysaeus","Passeriformes","Muscicapidae","Tarsiger","LC"
"Tarsiger indicus","Passeriformes","Muscicapidae","Tarsiger","LC"
"Temnurus temnurus","Passeriformes","Corvidae","Temnurus","LC"
"Tephrodornis virgatus","Passeriformes","Vangidae","Tephrodornis","LC"
"Tetrax tetrax","Otidiformes","Otididae","Tetrax","NT"
"Thalasseus bengalensis","Charadriiformes","Laridae","Thalasseus","LC"
"Thalasseus bergii","Charadriiformes","Laridae","Thalasseus","LC"
"Timalia pileata","Passeriformes","Timaliidae","Timalia","LC"
"Todiramphus chloris","Coraciiformes","Alcedinidae","Todiramphus","LC"
"Tragopan caboti","Galliformes","Phasianidae","Tragopan","VU"
"Tragopan temminckii","Galliformes","Phasianidae","Tragopan","LC"
"Treron curvirostra","Columbiformes","Columbidae","Treron","LC"
"Treron seimundi","Columbiformes","Columbidae","Treron","LC"
"Treron sieboldii","Columbiformes","Columbidae","Treron","LC"
"Treron sphenurus","Columbiformes","Columbidae","Treron","LC"
"Tringa brevipes","Charadriiformes","Scolopacidae","Tringa","LC"
"Tringa guttifer","Charadriiformes","Scolopacidae","Tringa","EN"
"Tringa stagnatilis","Charadriiformes","Scolopacidae","Tringa","LC"
"Turdus boulboul","Passeriformes","Turdidae","Turdus","LC"
"Turdus cardis","Passeriformes","Turdidae","Turdus","LC"
"Turdus feae","Passeriformes","Turdidae","Turdus","VU"
"Turdus mandarinus","Passeriformes","Turdidae","Turdus","LC"
"Turdus migratorius","Passeriformes","Turdidae","Genus_unknown","LC"
"Turdus naumanni","Passeriformes","Turdidae","Turdus","LC"
"Turdus pilaris","Passeriformes","Turdidae","Turdus","LC"
"Turdus rubrocanus","Passeriformes","Turdidae","Turdus","LC"
"Turdus ruficollis","Passeriformes","Turdidae","Turdus","LC"
"Turdus viscivorus","Passeriformes","Turdidae","Turdus","LC"
"Turnix suscitator","Charadriiformes","Turnicidae","Turnix","LC"
"Tyto alba","Strigiformes","Tytonidae","Tyto","LC"
"Tyto longimembris","Strigiformes","Tytonidae","Tyto","LC"
"Urile pelagicus","Suliformes","Phalacrocoracidae","Phalacrocorax","LC"
"Urosphena squameiceps","Passeriformes","Scotocercidae","Urosphena","LC"
"Vanellus cinereus","Charadriiformes","Charadriidae","Vanellus","LC"
"Vanellus indicus","Charadriiformes","Charadriidae","Vanellus","LC"
"Vanellus leucurus","Charadriiformes","Charadriidae","Vanellus","LC"
"Vanellus vanellus","Charadriiformes","Charadriidae","Vanellus","NT"
"Yuhina nigrimenta","Passeriformes","Zosteropidae","Yuhina","LC"
"Zapornia bicolor","Gruiformes","Rallidae","Zapornia","LC"
"Zoothera dixoni","Passeriformes","Turdidae","Zoothera","LC"
"Zoothera mollissima","Passeriformes","Turdidae","Zoothera","LC"
"Zoothera monticola","Passeriformes","Turdidae","Zoothera","LC"
"Zosterops erythropleurus","Passeriformes","Zosteropidae","Zosterops","LC"
"Zosterops meyeni","Passeriformes","Zosteropidae","Zosterops","LC"
