species,record_count_new_record,first_year,provinces_recorded,new_record_order
Abroscopus albogularis,5,2017,Hebei | Jiangsu | Ningxia | Shanghai | Tibet,Passeriformes
Acanthis flammea,1,2015,Qinghai,Passeriformes
Accipiter badius,1,2025,Hunan,Accipitriformes
Accipiter gularis,1,2013,Xinjiang,Accipitriformes
Accipiter soloensis,3,2015,Gansu | Heilongjiang | Inner Mongolia,Accipitriformes
Accipiter trivirgatus,7,2001,Anhui | Beijing | Fujian | Gansu | Henan | Liaoning | Shaanxi,Accipitriformes
Accipiter virgatus,1,2012,Anhui,Accipitriformes
Acridotheres cristatellus,1,2023,Jilin,Passeriformes
Acridotheres tristis,4,2010,Chongqing | Guizhou | Jiangxi | Shandong,Passeriformes
Acrocephalus agricola,1,2023,Inner Mongolia,Passeriformes
Acrocephalus bistrigiceps,2,2017,Guizhou | Tibet,Passeriformes
Acrocephalus concinens,1,2006,Shanghai,Passeriformes
Acrocephalus dumetorum,1,2017,Sichuan,Passeriformes
Acrocephalus orientalis,1,2024,Tibet,Passeriformes
Acrocephalus tangorum,2,2020,Hubei | Zhejiang,Passeriformes
Aegithalos bonvaloti,1,2007,Shaanxi,Passeriformes
Aegithalos caudatus,2,2020,Shandong | Tianjin,Passeriformes
Aegithalos concinnus,2,2020,Gansu | Hebei,Passeriformes
Aegithalos fuliginosus,2,2010,Hunan | Shanxi,Passeriformes
Aerodramus brevirostris,1,2010,Guizhou,Caprimulgiformes
Aethopyga christinae,2,2004,Anhui | Hubei,Passeriformes
Aethopyga gouldiae,1,2017,Henan,Passeriformes
Agropsar philippensis,1,2025,Shandong,Passeriformes
Agropsar sturninus,1,2023,Tibet,Passeriformes
Aix galericulata,2,2015,Tibet | Xinjiang,Anseriformes
Alauda gulgula,1,2023,Inner Mongolia,Passeriformes
Alaudala cheleensis,1,2024,Fujian,Passeriformes
Alaudala heinei,1,2025,Yunnan,Passeriformes
Alcedo hercules,1,2006,Fujian,Coraciiformes
Alcippe morrisonia,1,2016,Henan,Passeriformes
Amaurornis cinerea,1,2017,Yunnan,Gruiformes
Amaurornis phoenicurus,5,2002,Heilongjiang | Inner Mongolia | Jilin | Qinghai,Gruiformes
Anas carolinensis,1,2023,Shandong,NA
Anastomus oscitans,5,2018,Hebei | Hunan | Qinghai | Shaanxi | Sichuan,Ciconiiformes
Anhinga melanogaster,1,2024,Yunnan,Suliformes
Anous stolidus,2,2020,Anhui | Jiangsu,Charadriiformes
Anser albifrons,1,2023,Gansu,Anseriformes
Anser anser,1,2009,Hainan,Anseriformes
Anser caerulescens,4,2000,Guizhou | Jilin | Liaoning | Shandong,Anseriformes
Anser erythropus,1,2004,Yunnan,Anseriformes
Anser fabalis,1,2016,Tibet,Anseriformes
Anser indicus,2,2007,Chongqing | Henan,Anseriformes
Anthreptes malacensis,1,2010,Yunnan,Passeriformes
Anthus godlewskii,1,2007,Shaanxi,Passeriformes
Anthus gustavi,4,2010,Anhui | Hubei | Xinjiang,Passeriformes
Anthus pratensis,1,2025,Jiangsu,Passeriformes
Anthus richardi,1,2017,Tibet,Passeriformes
Anthus roseatus,1,2021,Zhejiang,Passeriformes
Anthus trivialis,1,2024,Jiangsu,Passeriformes
Aquila fasciata,2,2020,Liaoning | Shaanxi,Accipitriformes
Aquila heliaca,2,2021,Hunan | Ningxia,Accipitriformes
Ardea intermedia,2,2006,Jilin | Liaoning,Pelecaniformes
Ardea purpurea,1,2019,Xinjiang,Pelecaniformes
Ardenna pacifica,2,2013,Shanghai | Zhejiang,Procellariiformes
Ardenna tenuirostris,2,2014,Fujian | Hebei,Procellariiformes
Ardeola bacchus,1,2001,Xinjiang,Pelecaniformes
Ardeola grayii,2,2016,Guangdong | Yunnan,Pelecaniformes
Ardeola speciosa,1,2025,Guangxi,Pelecaniformes
Arenaria interpres,2,2000,Xinjiang | Yunnan,Charadriiformes
Artamus fuscus,3,2015,Guizhou | Hunan | Jiangxi,Passeriformes
Asarcornis scutulata,1,2019,Yunnan,Anseriformes
Asio flammeus,1,2005,Guangxi,Strigiformes
Athene noctua,2,2002,Yunnan | Zhejiang,Strigiformes
Aviceda jerdoni,2,2018,Guangdong | Hunan,Accipitriformes
Aviceda leuphotes,4,2010,Gansu | Jiangsu | Ningxia | Shanxi,Accipitriformes
Aythya collaris,1,2023,Shandong,Anseriformes
Aythya fuligula,1,2006,Hainan,Anseriformes
Aythya nyroca,2,2006,Fujian | Jilin,Anseriformes
Bombycilla japonica,3,2013,Gansu | Ningxia | Qinghai,Passeriformes
Brachyramphus perdix,1,2016,Jiangsu,Charadriiformes
Branta bernicla,2,2017,Anhui | Henan,Anseriformes
Branta canadensis,4,2017,Heilongjiang | Liaoning | Tianjin | Zhejiang,Anseriformes
Branta hutchinsii,2,2016,Hebei | Hubei,Anseriformes
Branta leucopsis,1,2019,Jilin,Anseriformes
Branta ruficollis,4,2008,Hebei | Henan | Sichuan | Xinjiang,Anseriformes
Bubo nipalensis,2,2014,Chongqing | Guangxi,Strigiformes
Bubulcus ibis,3,2002,Heilongjiang | Shanxi | Tianjin,NA
Bucanetes mongolicus,3,2006,Heilongjiang | Sichuan | Tibet,Passeriformes
Bulweria bulwerii,1,2006,Yunnan,Procellariiformes
Butastur indicus,2,2013,Anhui | Gansu,Accipitriformes
Cacomantis merulinus,1,2016,Shaanxi,Cuculiformes
Calandrella brachydactyla,1,2024,Hunan,Passeriformes
Calidris acuminata,2,2010,Shaanxi | Xinjiang,Charadriiformes
Calidris alba,1,2017,Yunnan,Charadriiformes
Calidris alpina,4,2011,Chongqing | Shaanxi | Tibet | Yunnan,Charadriiformes
Calidris bairdii,1,2023,Zhejiang,Charadriiformes
Calidris canutus,1,2010,Jilin,Charadriiformes
Calidris falcinellus,2,2011,Jilin | Shaanxi,Charadriiformes
Calidris melanotos,6,2007,Hainan | Hunan | Liaoning | Tianjin | Yunnan | Zhejiang,Charadriiformes
Calidris minuta,9,2007,Hainan | Hubei | Hunan | Jilin | Liaoning | Shaanxi | Sichuan | Tianjin | Yunnan,Charadriiformes
Calidris pugnax,5,2007,Guizhou | Henan | Liaoning | Shaanxi | Tianjin,Charadriiformes
Calidris pygmaea,1,2018,Shandong,Charadriiformes
Calidris subminuta,2,2010,Jilin | Xinjiang,Charadriiformes
Calidris tenuirostris,3,2011,Jilin | Sichuan | Yunnan,Charadriiformes
Callacanthis burtoni,1,2015,Tibet,Passeriformes
Calliope obscura,1,2021,Hubei,Passeriformes
Calonectris leucomelas,2,2012,Anhui | Tianjin,Procellariiformes
Caprimulgus macrurus,1,2019,Guizhou,Caprimulgiformes
Carduelis carduelis,2,2019,Inner Mongolia | Qinghai,Passeriformes
Carpodacus roborowskii,1,2016,Xinjiang,Passeriformes
Carpodacus vinaceus,1,2022,Shandong,Passeriformes
Cecropis daurica,1,2013,Xinjiang,Passeriformes
Cecropis striolata,1,2025,Chongqing,Passeriformes
Centropus bengalensis,4,2003,Hebei | Liaoning | Tibet | Zhejiang,Cuculiformes
Cephalopyrus flammiceps,2,2013,Guangxi | Hubei,Passeriformes
Certhia familiaris,1,2024,Jiangsu,Passeriformes
Certhia himalayana,1,2014,Qinghai,Passeriformes
Certhia tianquanensis,1,2005,Shaanxi,Passeriformes
Ceryle rudis,3,2011,Beijing | Liaoning | Shaanxi,Coraciiformes
Cettia brunnifrons,1,2018,Shaanxi,Passeriformes
Cettia castaneocoronata,1,2021,Hubei,Passeriformes
Chalcophaps indica,4,2011,Anhui | Hunan | Jiangxi | Zhejiang,Columbiformes
Charadrius asiaticus,1,2001,Hubei,Charadriiformes
Charadrius atrifrons,2,2024,Guizhou | Yunnan,Charadriiformes
Charadrius dealbatus,1,2024,Jiangxi,Charadriiformes
Charadrius hiaticula,4,2010,Jiangsu | Xinjiang | Yunnan | Zhejiang,Charadriiformes
Charadrius mongolus,3,2013,Shaanxi | Yunnan,Charadriiformes
Charadrius placidus,1,2006,Hainan,Charadriiformes
Charadrius veredus,4,2006,Hainan | Jilin | Xinjiang | Yunnan,Charadriiformes
Chlidonias leucopterus,1,2008,Yunnan,Charadriiformes
Chlidonias niger,2,2021,Gansu | Hubei,Charadriiformes
Chloris ambigua,1,2006,Guangxi,Passeriformes
Chloris chloris,1,2000,Xinjiang,Passeriformes
Chloris sinica,1,2006,Hainan,Passeriformes
Chrysolophus pictus,2,2007,Shanxi | Sichuan,Galliformes
Ciconia boyciana,3,2001,Gansu | Ningxia | Tianjin,Ciconiiformes
Ciconia episcopus,1,2011,Yunnan,Ciconiiformes
Ciconia nigra,1,2021,Tibet,Ciconiiformes
Circaetus gallicus,3,2021,Guangxi | Hunan | Jiangsu,Accipitriformes
Circus aeruginosus,2,2025,Gansu | Ningxia,Accipitriformes
Circus macrourus,1,2023,Zhejiang,Accipitriformes
Circus spilonotus,1,2015,Xinjiang,Accipitriformes
Cisticola exilis,1,2007,Hainan,Passeriformes
Cisticola juncidis,1,2006,Liaoning,Passeriformes
Clamator coromandus,3,2003,Beijing | Heilongjiang | Liaoning,Cuculiformes
Clamator jacobinus,1,2021,Yunnan,Cuculiformes
Clanga clanga,1,2023,Gansu,Accipitriformes
Clangula hyemalis,7,2008,Gansu | Hubei | Jiangsu | Jiangxi | Ningxia | Shandong | Yunnan,Anseriformes
Columba oenas,2,2017,Gansu | Inner Mongolia,Columbiformes
Copsychus saularis,1,2006,Guangxi,Passeriformes
Coracias garrulus,1,2022,Qinghai,Coraciiformes
Coracina macei,1,2017,Zhejiang,Passeriformes
Coturnicops exquisitus,1,2004,Yunnan,Gruiformes
Crex crex,1,2012,Yunnan,Gruiformes
Crossoptilon mantchuricum,1,2024,Henan,Galliformes
Curruca communis,1,2025,Tibet,Passeriformes
Curruca crassirostris,1,2016,Tibet,Passeriformes
Curruca curruca,2,2022,Guizhou | Hainan,Passeriformes
Cutia nipalensis,1,2001,Hubei,Passeriformes
Cyanistes cyanus,1,2023,Jilin,Passeriformes
Cyanoderma pyrrhops,1,2010,Tibet,Passeriformes
Cyanoderma rufifrons,1,2006,Guangxi,NA
Cygnus columbianus,1,2011,Yunnan,Anseriformes
Cygnus cygnus,1,2017,Guangxi,Anseriformes
Cygnus olor,3,2010,Jilin | Shaanxi,Anseriformes
Cyornis glaucicomans,3,2020,Henan | Jiangsu | Shanxi,Passeriformes
Cyornis hainanus,1,2023,Sichuan,Passeriformes
Cyornis poliogenys,1,2014,Guangxi,Passeriformes
Cyornis rubeculoides,1,2010,Hunan,Passeriformes
Delichon dasypus,1,2018,Henan,Passeriformes
Dendrocitta formosae,1,2018,Shanghai,Passeriformes
Dendrocopos hyperythrus,1,2015,Qinghai,Piciformes
Dendrocygna javanica,1,2021,Guizhou,Anseriformes
Dicaeum cruentatum,1,2011,Jiangxi,Passeriformes
Dicaeum ignipectus,1,2016,Henan,Passeriformes
Dicaeum minullum,1,2011,Jiangxi,Passeriformes
Dicrurus annectens,1,2015,Tibet,Passeriformes
Dicrurus hottentottus,3,2006,Hainan | Heilongjiang | Qinghai,Passeriformes
Dicrurus remifer,1,2019,Tibet,Passeriformes
Egretta eulophotes,2,2003,Guangxi | Tianjin,Pelecaniformes
Egretta garzetta,1,2015,Tibet,Pelecaniformes
Egretta picata,1,2025,Jiangsu,Pelecaniformes
Elachura formosa,2,2019,Hubei | Tibet,Passeriformes
Elanus caeruleus,8,2006,Beijing | Gansu | Henan | Inner Mongolia | Liaoning | Shaanxi | Sichuan | Tianjin,Accipitriformes
Emberiza buchanani,1,2017,Qinghai,Passeriformes
Emberiza chrysophrys,2,2021,Gansu,Passeriformes
Emberiza citrinella,1,2017,Qinghai,Passeriformes
Emberiza elegans,3,2017,Heilongjiang | Qinghai | Tibet,Passeriformes
Emberiza godlewskii,2,2010,Heilongjiang | Hunan,Passeriformes
Emberiza hortulana,1,2023,Inner Mongolia,Passeriformes
Emberiza leucocephalos,1,2013,Anhui,Passeriformes
Emberiza melanocephala,1,2019,Guangxi,Passeriformes
Emberiza pallasi,1,2014,Guizhou,Passeriformes
Emberiza pusilla,1,2014,Tibet,Passeriformes
Emberiza rustica,1,2024,Guizhou,Passeriformes
Emberiza siemsseni,4,2013,Jiangsu | Jiangxi | Ningxia | Qinghai,Passeriformes
Emberiza stewarti,1,2013,Xinjiang,Passeriformes
Emberiza sulphurata,1,2006,Zhejiang,Passeriformes
Emberiza yessoensis,3,2014,Anhui | Hubei | Hunan,Passeriformes
Enicurus leschenaulti,1,2015,Inner Mongolia,Passeriformes
Enicurus maculatus,2,2018,Guizhou | Zhejiang,Passeriformes
Enicurus schistaceus,1,2024,Anhui,Passeriformes
Eremophila alpestris,1,2025,Shandong,Passeriformes
Erithacus rubecula,4,2010,Gansu | Jilin | Ningxia | Xinjiang,Passeriformes
Erpornis zantholeuca,1,2019,Tibet,Passeriformes
Erythrogenys hypoleucos,1,2019,Yunnan,Passeriformes
Eudynamys scolopaceus,4,2016,Liaoning | Qinghai | Shanxi | Tibet,Cuculiformes
Eumyias thalassinus,6,2018,Gansu | Hainan | Inner Mongolia | Jiangsu | Qinghai | Tianjin,Passeriformes
Falco cherrug,1,2018,Yunnan,Falconiformes
Falco severus,1,2014,Tibet,Falconiformes
Ficedula albicilla,1,2017,Tibet,Passeriformes
Ficedula elisae,3,2012,Hunan | Jiangxi | Shanghai,Passeriformes
Ficedula erithacus,2,2016,Guizhou | Hebei,Passeriformes
Ficedula hyperythra,3,2007,Chongqing | Hunan | Shaanxi,Passeriformes
Ficedula hypoleuca,1,2008,Xinjiang,Passeriformes
Ficedula mugimaki,1,2019,Guizhou,Passeriformes
Ficedula narcissina,3,2011,Anhui | Jiangxi | Liaoning,Passeriformes
Ficedula owstoni,1,2024,Jiangsu,Passeriformes
Ficedula parva,4,2008,Hebei | Hong Kong | Hunan | Shanghai,Passeriformes
Ficedula ruficauda,1,2017,Sichuan,Passeriformes
Ficedula strophiata,1,2017,Beijing,Passeriformes
Ficedula superciliaris,1,2020,Hubei,Passeriformes
Ficedula tricolor,3,2009,Hunan | Inner Mongolia | Qinghai,Passeriformes
Fregata andrewsi,2,2006,Fujian | Liaoning,Suliformes
Fregata ariel,4,2011,Beijing | Jiangxi | Liaoning | Shaanxi,Suliformes
Fringilla coelebs,6,2017,Gansu | Hubei | Hunan | Jiangsu | Qinghai | Yunnan,Passeriformes
Fringilla montifringilla,1,2011,Ningxia,Passeriformes
Galerida cristata,1,2010,Heilongjiang,Passeriformes
Gallicrex cinerea,1,2020,Gansu,Gruiformes
Garrulax canorus,1,2003,Liaoning,Passeriformes
Garrulax maesi,1,2008,Guangdong,Passeriformes
Garrulax monileger,3,2009,Hubei | Jiangsu | Shaanxi,Passeriformes
Gavia adamsii,3,2006,Jiangsu | Jilin | Sichuan,Gaviiformes
Gavia arctica,3,2018,Liaoning | Shaanxi | Yunnan,Gaviiformes
Gavia pacifica,1,2025,Zhejiang,Gaviiformes
Gavia stellata,2,2021,Anhui | Xinjiang,Gaviiformes
Gelochelidon nilotica,2,2020,Hubei | Hunan,Charadriiformes
Geokichla citrina,2,2009,Chongqing | Jiangxi,Passeriformes
Geokichla wardii,1,2024,Tibet,NA
Geopelia striata,1,2021,Yunnan,Columbiformes
Glareola lactea,2,2019,Guangxi | Hainan,Charadriiformes
Glaucidium cuculoides,1,2008,Beijing,Strigiformes
Gorsachius goisagi,1,2025,Hainan,Pelecaniformes
Gorsachius melanolophus,2,2019,Jiangsu | Shandong,Pelecaniformes
Gracupica nigricollis,4,2006,Anhui | Chongqing | Hainan | Shandong,Passeriformes
Grandala coelicolor,1,2009,Chongqing,Passeriformes
Grus canadensis,4,2011,Anhui | Jilin | Liaoning | Yunnan,NA
Grus japonensis,2,2024,Fujian | Sichuan,Gruiformes
Grus monacha,1,2021,Ningxia,Gruiformes
Grus nigricollis,1,2023,Inner Mongolia,Gruiformes
Grus vipio,3,2019,Gansu | Shanxi | Sichuan,NA
Grus virgo,3,2002,Anhui | Beijing | Tianjin,Gruiformes
Gygis alba,1,2006,Fujian,Charadriiformes
Gypaetus barbatus,2,2010,Chongqing | Shaanxi,Accipitriformes
Gyps himalayensis,2,2003,Guangxi | Liaoning,Accipitriformes
Gyps tenuirostris,1,2021,Yunnan,Accipitriformes
Halcyon coromanda,1,2008,Shandong,Coraciiformes
Halcyon pileata,1,2018,Tibet,Coraciiformes
Halcyon smyrnensis,5,2009,Jiangsu | Shandong | Shanghai | Tibet,Coraciiformes
Haliaeetus leucoryphus,1,2010,Yunnan,Accipitriformes
Haliaeetus pelagicus,1,2024,Jiangsu,Accipitriformes
Haliastur indus,1,2025,Hunan,Accipitriformes
Harpactes wardi,1,2020,Tibet,Trogoniformes
Helopsaltes certhiola,1,2024,Tibet,Passeriformes
Helopsaltes ochotensis,1,2013,Anhui,Passeriformes
Helopsaltes pleskei,2,2005,Guangxi | Shanghai,Passeriformes
Helopsaltes pryeri,1,2006,Shanghai,Passeriformes
Hemiprocne coronata,1,2018,Inner Mongolia,Caprimulgiformes
Hemitesia pallidipes,1,2024,Hunan,Passeriformes
Hemixos castanonotus,2,2010,Anhui | Shandong,Passeriformes
Heterophasia desgodinsi,2,2012,Hubei | Shaanxi,Passeriformes
Heteroxenicus stellatus,1,2018,Sichuan,Passeriformes
Hieraaetus pennatus,7,2012,Gansu | Hainan | Henan | Hunan | Qinghai | Shaanxi | Tibet,Accipitriformes
Hierococcyx nisicolor,1,2016,Shaanxi,Cuculiformes
Hirundapus caudacutus,1,2014,Hunan,Caprimulgiformes
Hirundo rustica,1,2022,Hainan,Passeriformes
Hirundo smithii,1,2025,Guangdong,Passeriformes
Histrionicus histrionicus,3,2014,Beijing | Inner Mongolia | Jiangsu,Anseriformes
Hydrocoloeus minutus,1,2017,Zhejiang,Charadriiformes
Hydrophasianus chirurgus,4,2015,Gansu | Liaoning | Tianjin | Yunnan,Charadriiformes
Hydroprogne caspia,3,2005,Hubei | Ningxia | Yunnan,Charadriiformes
Hypothymis azurea,1,2020,Jiangsu,Passeriformes
Hypsipetes leucocephalus,1,2021,Gansu,Passeriformes
Ianthocincla lunulata,1,2018,Ningxia,Passeriformes
Ibidorhyncha struthersii,1,2023,Anhui,Charadriiformes
Ictinaetus malaiensis,2,2010,Anhui | Shandong,Accipitriformes
Iduna caligata,1,2022,Zhejiang,Passeriformes
Indicator xanthonotus,1,2022,Sichuan,Piciformes
Ixobrychus cinnamomeus,1,2019,Qinghai,Pelecaniformes
Ixobrychus eurhythmus,1,2015,Shaanxi,Pelecaniformes
Ixobrychus minutus,1,2020,Gansu,Pelecaniformes
Ixos mcclellandii,2,2016,Gansu | Ningxia,Passeriformes
Ketupa flavipes,1,2024,Shanxi,Strigiformes
Lalage melaschistos,1,2014,Liaoning,Passeriformes
Lanius borealis,1,2022,Tibet,Passeriformes
Lanius collurioides,1,2017,Sichuan,Passeriformes
Lanius isabellinus,1,2022,Zhejiang,Passeriformes
Lanius schach,3,2001,Beijing | Jiangxi | Tianjin,Passeriformes
Lanius sphenocercus,1,2019,Yunnan,Passeriformes
Lanius tephronotus,2,2004,Hubei | Xinjiang,Passeriformes
Larus argentatus,1,2025,Tibet,NA
Larus brunnicephalus,1,2024,Fujian,NA
Larus cachinnans,1,2006,Fujian,Charadriiformes
Larus canus,1,2025,Tibet,Charadriiformes
Larus crassirostris,1,2006,Hainan,Charadriiformes
Larus fuscus,3,2018,Hubei | Inner Mongolia | Tibet,Charadriiformes
Larus genei,2,2022,Fujian | Jiangxi,NA
Larus glaucescens,2,2018,Inner Mongolia | Shanghai,Charadriiformes
Larus hyperboreus,3,2015,Gansu | Shanxi | Tibet,Charadriiformes
Larus ichthyaetus,2,2014,Anhui | Liaoning,NA
Larus relictus,1,2019,Ningxia,NA
Larvivora akahige,2,2010,Hubei | Zhejiang,Passeriformes
Larvivora brunnea,1,2020,Jiangsu,Passeriformes
Larvivora cyane,2,2007,Hainan | Hunan,Passeriformes
Leptopoecile elegans,1,2011,Yunnan,Passeriformes
Leptoptilos javanicus,1,2014,Yunnan,Ciconiiformes
Leucogeranus leucogeranus,2,2013,Shaanxi | Yunnan,Gruiformes
Limnodromus scolopaceus,6,2014,Guangxi | Heilongjiang | Hubei | Liaoning | Shaanxi | Sichuan,Charadriiformes
Limnodromus semipalmatus,2,2011,Shaanxi | Xinjiang,Charadriiformes
Limosa lapponica,1,2013,Yunnan,Charadriiformes
Limosa limosa,1,2011,Ningxia,Charadriiformes
Linaria cannabina,1,2023,Inner Mongolia,Passeriformes
Locustella davidi,2,2003,Guangxi | Liaoning,Passeriformes
Locustella mandelli,2,2010,Guizhou | Hunan,Passeriformes
Lonchura striata,3,2006,Gansu | Tibet,Passeriformes
Lophophanes dichrous,1,2016,Hubei,Passeriformes
Lophotriorchis kienerii,1,2019,Tibet,Accipitriformes
Lophura leucomelanos,1,2024,Tibet,Galliformes
Lophura nycthemera,2,2017,Guangdong | Jiangsu,Galliformes
Loxia curvirostra,1,2024,Hubei,Passeriformes
Machlolophus xanthogenys,1,2010,Tibet,Passeriformes
Macropygia unchall,3,2016,Jiangsu | Tibet | Zhejiang,Columbiformes
Mareca americana,1,2007,Jilin,Anseriformes
Mareca falcata,2,2019,Gansu | Xinjiang,Anseriformes
Megaceryle lugubris,3,2015,Inner Mongolia | Qinghai | Tibet,Coraciiformes
Melanitta fusca,3,2021,Guangdong | Henan | Shanghai,Anseriformes
Melanitta stejnegeri,3,2017,Guizhou | Shaanxi,Anseriformes
Melanochlora sultanea,2,2018,Tibet | Zhejiang,Passeriformes
Mergus serrator,4,2017,Guizhou | Hunan | Shaanxi | Yunnan,Anseriformes
Merops philippinus,1,2023,Henan,Coraciiformes
Mixornis gularis,1,2005,Guangxi,Passeriformes
Monticola gularis,1,2013,Sichuan,Passeriformes
Monticola rufiventris,1,2007,Shaanxi,Passeriformes
Monticola solitarius,1,2019,Qinghai,Passeriformes
Motacilla citreola,1,2011,Hunan,Passeriformes
Moupinia poecilotis,1,2022,Tibet,Passeriformes
Muscicapa dauurica,1,2011,Xinjiang,Passeriformes
Muscicapa ferruginea,3,2013,Gansu | Hunan | Zhejiang,Passeriformes
Muscicapa muttui,4,2015,Henan | Hunan | Jiangsu | Shanghai,Passeriformes
Mycerobas affinis,2,2009,Shaanxi | Shandong,Passeriformes
Mycerobas carnipes,1,2021,Henan,Passeriformes
Mycteria leucocephala,1,2009,Guizhou,Ciconiiformes
Myiomela leucura,1,2018,Jiangxi,Passeriformes
Myophonus caeruleus,1,2002,Guangxi,Passeriformes
Napothera malacoptila,1,2000,Yunnan,Passeriformes
Neophron percnopterus,1,2012,Xinjiang,Accipitriformes
Netta rufina,4,2017,Anhui | Jilin | Liaoning | Shanghai,Anseriformes
Niltava davidi,1,2018,Zhejiang,Passeriformes
Niltava grandis,1,2003,Guangxi,Passeriformes
Niltava macgrigoriae,1,2023,Shandong,Passeriformes
Niltava sundara,1,2015,Hunan,Passeriformes
Ninox japonica,1,2023,Hunan,Strigiformes
Nipponia nippon,1,2024,Gansu,Pelecaniformes
Nisaetus nipalensis,3,2007,Gansu | Guizhou,Accipitriformes
Numenius madagascariensis,1,2007,Shaanxi,Charadriiformes
Numenius minutus,1,2025,Gansu,Charadriiformes
Numenius phaeopus,1,2013,Yunnan,Charadriiformes
Nycticorax nycticorax,1,2014,Tibet,Pelecaniformes
Oceanites oceanicus,1,2022,Zhejiang,Procellariiformes
Oenanthe deserti,3,2012,Shanghai | Sichuan | Zhejiang,Passeriformes
Oenanthe oenanthe,1,2024,Jiangsu,Passeriformes
Onychoprion aleuticus,4,2009,Fujian | Jiangsu | Shandong | Zhejiang,Charadriiformes
Onychoprion anaethetus,4,2013,Guangxi | Jiangsu | Shandong | Yunnan,Charadriiformes
Onychoprion fuscatus,1,2023,Yunnan,Charadriiformes
Oriolus oriolus,1,2017,Qinghai,Passeriformes
Oroanassa magnifica,7,2000,Guangdong | Guizhou | Hunan | Shaanxi | Sichuan | Yunnan,NA
Otocichla mupinensis,6,2006,Anhui | Guangxi | Jiangsu | Jiangxi | Liaoning | Shanghai,NA
Otus lettia,1,2024,Gansu,Strigiformes
Otus semitorques,3,2012,Henan | Inner Mongolia | Zhejiang,Strigiformes
Otus spilocephalus,2,2011,Anhui | Jiangxi,Strigiformes
Oxyura leucocephala,2,2019,Shaanxi | Sichuan,Anseriformes
Panurus biarmicus,2,2020,Henan | Shaanxi,Passeriformes
Paradoxornis gularis,1,2011,Shaanxi,NA
Paradoxornis guttaticollis,1,2014,Hunan,Passeriformes
Paradoxornis heudei,4,2002,Anhui | Henan | Jilin | Tianjin,Passeriformes
Parayuhina diademata,1,2014,Tibet,Passeriformes
Pardaliparus venustulus,2,2012,Jilin | Qinghai,Passeriformes
Parus major linnaeus,1,2025,Liaoning,NA
Parus monticolus,1,2006,Guangxi,Passeriformes
Passer cinnamomeus,2,2004,Beijing | Inner Mongolia,Passeriformes
Passer domesticus,6,2009,Hainan | Hubei | Jiangxi | Shaanxi | Yunnan | Zhejiang,Passeriformes
Passer hispaniolensis,2,2015,Inner Mongolia | Sichuan,Passeriformes
Passerculus sandwichensis,1,2021,Qinghai,Passeriformes
Pastor roseus,1,2025,Jiangxi,Passeriformes
Pavo cristatus,1,2025,Tibet,NA
Pelecanus crispus,1,2024,Guizhou,Pelecaniformes
Pelecanus onocrotalus,6,2004,Anhui | Jiangsu | Liaoning | Shandong | Sichuan,Pelecaniformes
Pellorneum albiventre,1,2025,Guangdong,Passeriformes
Pellorneum tickelli,2,2006,Guangxi | Tibet,Passeriformes
Perdix hodgsoniae,1,2013,Yunnan,Galliformes
Pericrocotus cantonensis,1,2023,Tianjin,Passeriformes
Pericrocotus divaricatus,1,2020,Hainan,Passeriformes
Pericrocotus ethologus,3,2014,Hunan | Inner Mongolia | Jiangsu,Passeriformes
Pericrocotus solaris,2,2009,Anhui | Chongqing,Passeriformes
Periparus rubidiventris,1,2017,Tibet,Passeriformes
Pernis ptilorhynchus,2,2001,Tianjin,Accipitriformes
Phalaropus fulicarius,4,2011,Beijing | Hainan | Henan | Sichuan,Charadriiformes
Phalaropus lobatus,5,2009,Guizhou | Henan | Jiangxi | Shaanxi | Sichuan,Charadriiformes
Phasianus colchicus,1,2021,Shandong,Galliformes
Phoebastria immutabilis,1,2005,Fujian,Procellariiformes
Phoenicopterus roseus,13,2000,Anhui | Beijing | Inner Mongolia | Liaoning | Ningxia | Qinghai | Shaanxi | Shandong | Shanghai | Sichuan | Tianjin | Xinjiang | Yunnan,Phoenicopteriformes
Phoenicurus erythronotus,1,2020,Gansu,Passeriformes
Phoenicurus frontalis,2,2017,Jiangxi | Shandong,Passeriformes
Phoenicurus leucocephalus,2,2010,Gansu | Xinjiang,Passeriformes
Phoenicurus ochruros,4,2013,Hunan | Jiangsu | Shanghai | Zhejiang,Passeriformes
Phoenicurus schisticeps,1,2010,Shandong,Passeriformes
Phyllergates cucullatus,1,2025,Guizhou,Passeriformes
Phylloscopus affinis,2,2010,Guangxi | Heilongjiang,Passeriformes
Phylloscopus borealoides,3,2006,Hunan | Jiangsu | Zhejiang,Passeriformes
Phylloscopus burkii,1,2002,Tianjin,Passeriformes
Phylloscopus cantator,2,2014,Guangxi | Tibet,Passeriformes
Phylloscopus castaniceps,4,2003,Anhui | Heilongjiang | Shanghai,Passeriformes
Phylloscopus claudiae,1,2018,Shanghai,Passeriformes
Phylloscopus collybita,8,2007,Anhui | Guangxi | Henan | Hubei | Inner Mongolia | Jiangsu | Jiangxi | Sichuan,Passeriformes
Phylloscopus coronatus,1,2013,Xinjiang,Passeriformes
Phylloscopus emeiensis,1,2019,Hunan,Passeriformes
Phylloscopus humei,1,2025,Tianjin,Passeriformes
Phylloscopus intermedius,5,2008,Guangxi | Hainan | Henan | Hunan | Shanghai,Passeriformes
Phylloscopus maculipennis,1,2025,Hunan,Passeriformes
Phylloscopus magnirostris,1,2014,Hunan,Passeriformes
Phylloscopus ogilviegranti,1,2012,Shaanxi,Passeriformes
Phylloscopus omeiensis,1,2023,Hunan,Passeriformes
Phylloscopus proregulus,1,2015,Heilongjiang,Passeriformes
Phylloscopus pulcher,1,2022,Hunan,Passeriformes
Phylloscopus ricketti,3,2010,Anhui | Henan | Jiangxi,Passeriformes
Phylloscopus sibilatrix,1,2025,Gansu,Passeriformes
Phylloscopus soror,4,2013,Beijing | Hunan | Jiangsu | Shanghai,Passeriformes
Phylloscopus subaffinis,1,2023,Inner Mongolia,Passeriformes
Phylloscopus tenellipes,1,2011,Henan,Passeriformes
Phylloscopus tephrocephalus,5,2012,Anhui | Gansu | Guizhou | Hunan | Tianjin,Passeriformes
Phylloscopus valentini,1,2025,Jiangsu,Passeriformes
Phylloscopus yunnanensis,1,2012,Jiangxi,Passeriformes
Picumnus innominatus,2,2006,Guangxi | Shandong,Piciformes
Picus chlorolophus,1,2019,Tibet,Piciformes
Pitta brachyura,1,2025,Sichuan,NA
Pitta moluccensis,1,2017,Hainan,Passeriformes
Pitta nympha,2,2011,Hubei | Jilin,Passeriformes
Pitta sordida,1,2007,Sichuan,Passeriformes
Platalea minor,1,2017,Anhui,Pelecaniformes
Plectrophenax nivalis,2,2014,Jiangsu | Liaoning,Passeriformes
Plegadis falcinellus,8,2013,Hainan | Henan | Hubei | Jiangsu | Jiangxi | Tianjin | Tibet | Yunnan,Pelecaniformes
Pluvialis apricaria,1,2021,Shandong,Charadriiformes
Pnoepyga immaculata,1,2010,Tibet,Passeriformes
Podiceps auritus,2,2017,Gansu | Shaanxi,Podicipediformes
Podiceps grisegena,1,2008,Gansu,Podicipediformes
Podiceps nigricollis,2,2007,Shaanxi | Tibet,Podicipediformes
Podoces biddulphi,1,2009,Gansu,Passeriformes
Pomatorhinus schisticeps,1,2016,Tibet,Passeriformes
Pomatorhinus superciliaris,1,2020,Tibet,Passeriformes
Porphyrio porphyrio,1,2013,Yunnan,NA
Prinia atrogularis,3,2016,Guizhou | Hunan,Passeriformes
Prinia flaviventris,2,2022,Hubei | Jiangsu,Passeriformes
Prinia inornata,2,2016,Gansu | Shaanxi,Passeriformes
Prinia rufescens,1,2025,Hunan,Passeriformes
Prinia striata,1,2025,Shanxi,Passeriformes
Prunella collaris,1,2022,Hunan,Passeriformes
Prunella himalayana,1,2010,Shandong,Passeriformes
Prunella immaculata,2,2007,Shaanxi,Passeriformes
Prunella montanella,2,2008,Jiangsu | Xinjiang,Passeriformes
Prunella strophiata,2,2010,Guizhou | Henan,Passeriformes
Psarisomus dalhousiae,1,2016,Tibet,Passeriformes
Pseudopodoces humilis,1,2023,Inner Mongolia,Passeriformes
Psilopogon faber,1,2018,Zhejiang,Piciformes
Psilopogon faiostrictus,2,2008,Guangxi | Yunnan,Piciformes
Psilopogon virens,1,2017,Gansu,Piciformes
Pterorhinus berthemyi,1,2009,Jiangsu,Passeriformes
Pterorhinus gularis,1,2007,Yunnan,Passeriformes
Pterorhinus lanceolatus,1,2017,Henan,Passeriformes
Pterorhinus pectoralis,1,2009,Jiangsu,Passeriformes
Pterorhinus sannio,1,2017,Henan,Passeriformes
Pteruthius rufiventer,1,2019,Tibet,Passeriformes
Pteruthius xanthochlorus,3,2014,Anhui | Guizhou | Hunan,Passeriformes
Ptyonoprogne rupestris,2,2024,Hubei | Jiangsu,Passeriformes
Pycnonotus aurigaster,1,2006,Hainan,Passeriformes
Pycnonotus blanfordi,1,2023,Yunnan,NA
Pycnonotus goiavier,1,2020,Yunnan,Passeriformes
Pycnonotus jocosus,3,2011,Hainan | Henan | Sichuan,Passeriformes
Pycnonotus sinensis,6,2003,Beijing | Inner Mongolia | Jilin | Liaoning | Ningxia | Qinghai,Passeriformes
Pycnonotus xanthorrhous,2,2018,Ningxia | Shanghai,Passeriformes
Pyrrhula erythaca,1,2011,Hunan,Passeriformes
Pyrrhula nipalensis,3,2010,Henan | Hunan | Shaanxi,Passeriformes
Pyrrhula pyrrhula,1,2025,Qinghai,Passeriformes
Rallina eurizonoides,3,2009,Jiangxi | Shandong,Gruiformes
Rallina fasciata,2,2001,Guangdong | Yunnan,Gruiformes
Rallus aquaticus,3,2022,Anhui | Inner Mongolia | Ningxia,Gruiformes
Recurvirostra avosetta,2,2010,Ningxia | Yunnan,Charadriiformes
Regulus regulus,2,2011,Anhui | Hunan,Passeriformes
Remiz consobrinus,4,2015,Guangxi | Guizhou | Shaanxi | Sichuan,Passeriformes
Remiz coronatus,3,2022,Gansu | Inner Mongolia,Passeriformes
Remiz pendulinus,1,2024,Xinjiang,NA
Rhodospiza obsoleta,1,2010,Shaanxi,Passeriformes
Riparia riparia,1,2006,Hainan,Passeriformes
Rissa tridactyla,7,2008,Anhui | Gansu | Guizhou | Hunan | Jilin | Qinghai | Yunnan,Charadriiformes
Rubigula flaviventris,1,2013,Guangxi,Passeriformes
Sasia ochracea,2,2014,Guangdong | Hunan,Piciformes
Saxicola ferreus,1,2019,Tianjin,Passeriformes
Saxicola rubetra,1,2023,Xinjiang,NA
Sibirionetta formosa,1,2025,Tibet,Anseriformes
Sitta cinnamoventris,1,2017,Tibet,Passeriformes
Sitta formosa,1,2019,Tibet,Passeriformes
Sitta villosa,2,2006,Heilongjiang | Shandong,Passeriformes
Sittiparus varius,1,2013,Shanghai,Passeriformes
Spilopelia chinensis,2,2006,Inner Mongolia | Jilin,Columbiformes
Spilopelia senegalensis,1,2023,Gansu,Columbiformes
Spilornis cheela,2,2011,Heilongjiang | Shanghai,Accipitriformes
Spinus spinus,1,2010,Xinjiang,Passeriformes
Spizixos semitorques,3,2017,Beijing | Hebei | Shandong,Passeriformes
Spodiopsar cineraceus,1,2018,Tibet,Passeriformes
Spodiopsar sericeus,5,2001,Gansu | Jilin | Liaoning | Ningxia | Tianjin,Passeriformes
Stachyris humei,1,2015,Tibet,Passeriformes
Stachyris nonggangensis,1,2008,Guangxi,Passeriformes
Staphida castaniceps,1,2025,Henan,Passeriformes
Staphida torqueola,1,2022,Gansu,Passeriformes
Stercorarius longicaudus,1,2019,Jiangsu,Charadriiformes
Stercorarius parasiticus,5,2017,Hunan | Inner Mongolia | Sichuan | Tibet | Yunnan,Charadriiformes
Stercorarius pomarinus,1,2007,Inner Mongolia,Charadriiformes
Streptopelia decaocto,1,2006,Heilongjiang,Columbiformes
Sturnia pagodarum,1,2023,Xinjiang,Passeriformes
Sturnia sinensis,1,2019,Jiangsu,Passeriformes
Sturnus vulgaris,4,2002,Heilongjiang | Inner Mongolia | Shaanxi | Tianjin,Passeriformes
Sula dactylatra,2,2021,Guangdong | Zhejiang,Suliformes
Sula granti,1,2025,Taiwan,NA
Sula sula,4,2001,Fujian | Hebei | Jiangsu | Zhejiang,Suliformes
Suthora alphonsiana,1,2006,Guangxi,NA
Suthora conspicillata,1,2011,Hunan,NA
Suthora fulvifrons,1,2017,Hubei,Passeriformes
Suthora przewalskii,1,2007,Sichuan,NA
Suthora webbiana,1,2024,Qinghai,NA
Sylvia atricapilla,1,2013,Xinjiang,Passeriformes
Sylviparus modestus,1,2025,Gansu,Passeriformes
Synthliboramphus antiquus,1,2006,Hainan,Charadriiformes
Syrmaticus humiae,1,2022,Yunnan,Galliformes
Syrmaticus reevesii,1,2021,Guangxi,Galliformes
Syrrhaptes paradoxus,1,2006,Guangxi,Pterocliformes
Tarsiger chrysaeus,3,2020,Guizhou | Henan | Hunan,Passeriformes
Tarsiger indicus,1,2018,Shaanxi,Passeriformes
Temnurus temnurus,1,2022,Guangdong,Passeriformes
Tephrodornis virgatus,1,2020,Zhejiang,Passeriformes
Tetrax tetrax,1,2025,Shaanxi,Otidiformes
Thalasseus bengalensis,2,2018,Guangxi | Hebei,Charadriiformes
Thalasseus bergii,1,2013,Shanghai,Charadriiformes
Timalia pileata,1,2011,Jiangxi,Passeriformes
Todiramphus chloris,1,2006,Fujian,Coraciiformes
Tragopan caboti,1,2022,Anhui,Galliformes
Tragopan temminckii,1,2021,Henan,Galliformes
Treron curvirostra,1,2023,Guangdong,Columbiformes
Treron seimundi,1,2022,Yunnan,Columbiformes
Treron sieboldii,3,2011,Henan | Jiangxi | Zhejiang,Columbiformes
Treron sphenurus,1,2023,Guangdong,Columbiformes
Tringa brevipes,1,2014,Sichuan,Charadriiformes
Tringa guttifer,1,2006,Liaoning,Charadriiformes
Tringa stagnatilis,1,2025,Guizhou,Charadriiformes
Turdus boulboul,10,2007,Anhui | Fujian | Henan | Hunan | Jiangxi | Ningxia | Qinghai | Shaanxi | Tibet | Zhejiang,Passeriformes
Turdus cardis,2,2014,Beijing | Shaanxi,Passeriformes
Turdus feae,3,2012,Anhui | Guizhou | Sichuan,Passeriformes
Turdus mandarinus,2,2011,Beijing | Ningxia,Passeriformes
Turdus migratorius,1,2024,Heilongjiang,NA
Turdus naumanni,1,2025,Heilongjiang,Passeriformes
Turdus pilaris,2,2012,Heilongjiang | Shaanxi,Passeriformes
Turdus rubrocanus,4,2018,Henan | Inner Mongolia | Jiangxi | Shanxi,Passeriformes
Turdus ruficollis,1,2021,Jiangsu,Passeriformes
Turdus viscivorus,2,2019,Gansu | Inner Mongolia,Passeriformes
Turnix suscitator,3,2023,Anhui | Zhejiang,Charadriiformes
Tyto alba,3,2004,Guangxi | Hainan | Tibet,NA
Tyto longimembris,1,2005,Hebei,Strigiformes
Urile pelagicus,1,2024,Jiangsu,NA
Urosphena squameiceps,1,2017,Anhui,Passeriformes
Vanellus cinereus,1,2006,Hainan,Charadriiformes
Vanellus indicus,1,2019,Chongqing,Charadriiformes
Vanellus leucurus,1,2012,Xinjiang,Charadriiformes
Vanellus vanellus,1,2006,Hainan,Charadriiformes
Yuhina nigrimenta,2,2007,Gansu | Shaanxi,Passeriformes
Zapornia bicolor,1,2025,Hunan,Gruiformes
Zoothera dixoni,2,2016,Hubei | Hunan,Passeriformes
Zoothera mollissima,2,2007,Hunan | Shaanxi,Passeriformes
Zoothera monticola,2,2007,Tibet | Yunnan,Passeriformes
Zosterops erythropleurus,1,2019,Qinghai,Passeriformes
Zosterops meyeni,1,2024,Hubei,Passeriformes
